station,date,prcp,tobs
USC00519397,8/24/2016,0.08,79
USC00519397,8/25/2016,0.08,80
USC00519397,8/26/2016,0,79
USC00519397,8/27/2016,0,77
USC00519397,8/28/2016,0.01,78
USC00519397,8/29/2016,0,78
USC00519397,8/30/2016,0,79
USC00519397,8/31/2016,0.13,80
USC00519397,9/1/2016,0,81
USC00519397,9/2/2016,0,80
USC00519397,9/3/2016,0,79
USC00519397,9/4/2016,0.03,75
USC00519397,9/5/2016,,79
USC00519397,9/6/2016,,76
USC00519397,9/7/2016,0.05,76
USC00519397,9/8/2016,0,80
USC00519397,9/9/2016,0.03,79
USC00519397,9/10/2016,0,78
USC00519397,9/11/2016,0.05,76
USC00519397,9/12/2016,0,78
USC00519397,9/13/2016,0.02,78
USC00519397,9/14/2016,1.32,75
USC00519397,9/15/2016,0.42,79
USC00519397,9/16/2016,0.06,80
USC00519397,9/17/2016,0.05,79
USC00519397,9/18/2016,0,81
USC00519397,9/19/2016,0,77
USC00519397,9/20/2016,0,77
USC00519397,9/21/2016,0,78
USC00519397,9/22/2016,0.02,76
USC00519397,9/23/2016,0,82
USC00519397,9/24/2016,0,81
USC00519397,9/25/2016,0,78
USC00519397,9/26/2016,0.06,80
USC00519397,9/27/2016,0.02,80
USC00519397,9/28/2016,0,79
USC00519397,9/29/2016,0,80
USC00519397,9/30/2016,0,80
USC00519397,10/1/2016,0,80
USC00519397,10/2/2016,0,79
USC00519397,10/3/2016,0,79
USC00519397,10/4/2016,0,79
USC00519397,10/5/2016,0,80
USC00519397,10/6/2016,0,80
USC00519397,10/7/2016,0,79
USC00519397,10/8/2016,0,78
USC00519397,10/9/2016,0,76
USC00519397,10/10/2016,0,75
USC00519397,10/11/2016,0,80
USC00519397,10/12/2016,0,80
USC00519397,10/13/2016,0,79
USC00519397,10/14/2016,0,80
USC00519397,10/15/2016,0,79
USC00519397,10/16/2016,0,78
USC00519397,10/17/2016,0.01,78
USC00519397,10/18/2016,0,80
USC00519397,10/19/2016,0,81
USC00519397,10/20/2016,0,79
USC00519397,10/21/2016,0.05,77
USC00519397,10/22/2016,0.15,79
USC00519397,10/23/2016,0.01,78
USC00519397,10/24/2016,0,77
USC00519397,10/25/2016,0.03,77
USC00519397,10/26/2016,0,78
USC00519397,10/27/2016,0,77
USC00519397,10/28/2016,0,78
USC00519397,10/29/2016,0,77
USC00519397,10/30/2016,0.24,76
USC00519397,10/31/2016,0.03,77
USC00519397,11/1/2016,0,77
USC00519397,11/2/2016,0,77
USC00519397,11/3/2016,0,77
USC00519397,11/4/2016,0,77
USC00519397,11/5/2016,0,76
USC00519397,11/6/2016,0,75
USC00519397,11/7/2016,0,71
USC00519397,11/8/2016,0.07,71
USC00519397,11/9/2016,0,71
USC00519397,11/10/2016,0,71
USC00519397,11/11/2016,0,72
USC00519397,11/12/2016,0,71
USC00519397,11/13/2016,0,72
USC00519397,11/14/2016,0,77
USC00519397,11/15/2016,0,77
USC00519397,11/16/2016,0,77
USC00519397,11/17/2016,0,77
USC00519397,11/18/2016,0,77
USC00519397,11/19/2016,0.03,75
USC00519397,11/20/2016,0.05,76
USC00519397,11/21/2016,0.01,76
USC00519397,11/22/2016,0.13,75
USC00519397,11/23/2016,0.14,72
USC00519397,11/24/2016,0.05,74
USC00519397,11/25/2016,0.05,75
USC00519397,11/26/2016,0.05,73
USC00519397,11/27/2016,0,76
USC00519397,11/28/2016,0.01,75
USC00519397,11/29/2016,0,68
USC00519397,11/30/2016,0.14,75
USC00519397,12/1/2016,0.12,75
USC00519397,12/2/2016,0.03,72
USC00519397,12/3/2016,0,69
USC00519397,12/4/2016,0.03,71
USC00519397,12/5/2016,0.43,68
USC00519397,12/6/2016,0.02,67
USC00519397,12/7/2016,0,69
USC00519397,12/8/2016,0.03,73
USC00519397,12/9/2016,0.52,70
USC00519397,12/10/2016,0.05,70
USC00519397,12/11/2016,0.04,70
USC00519397,12/12/2016,0.01,66
USC00519397,12/13/2016,0.05,67
USC00519397,12/14/2016,0.03,70
USC00519397,12/15/2016,0,66
USC00519397,12/16/2016,0,62
USC00519397,12/17/2016,0.01,71
USC00519397,12/18/2016,0.13,73
USC00519397,12/19/2016,0.01,69
USC00519397,12/20/2016,0,77
USC00519397,12/21/2016,0,74
USC00519397,12/22/2016,0.01,71
USC00519397,12/23/2016,0.01,72
USC00519397,12/24/2016,0.01,74
USC00519397,12/25/2016,0,74
USC00519397,12/26/2016,0.02,74
USC00519397,12/27/2016,0,74
USC00519397,12/28/2016,0.02,71
USC00519397,12/29/2016,0.04,73
USC00519397,12/30/2016,0.12,69
USC00519397,12/31/2016,0.01,66
USC00519397,1/1/2017,0,62
USC00519397,1/2/2017,0,66
USC00519397,1/3/2017,0,63
USC00519397,1/4/2017,0,62
USC00519397,1/5/2017,0,63
USC00519397,1/6/2017,0,64
USC00519397,1/7/2017,0,66
USC00519397,1/8/2017,0,60
USC00519397,1/9/2017,0,64
USC00519397,1/10/2017,0,63
USC00519397,1/11/2017,0,78
USC00519397,1/12/2017,0,67
USC00519397,1/13/2017,0,67
USC00519397,1/14/2017,0,65
USC00519397,1/15/2017,0,66
USC00519397,1/16/2017,0,67
USC00519397,1/17/2017,0,66
USC00519397,1/18/2017,0,72
USC00519397,1/19/2017,0,73
USC00519397,1/20/2017,0,71
USC00519397,1/21/2017,0,72
USC00519397,1/22/2017,0.16,72
USC00519397,1/23/2017,0,72
USC00519397,1/24/2017,0.04,69
USC00519397,1/25/2017,0.03,72
USC00519397,1/26/2017,0,71
USC00519397,1/27/2017,0,65
USC00519397,1/28/2017,0,64
USC00519397,1/29/2017,0.18,67
USC00519397,1/30/2017,0,67
USC00519397,1/31/2017,0,68
USC00519397,2/1/2017,0,70
USC00519397,2/2/2017,0,61
USC00519397,2/3/2017,0,65
USC00519397,2/4/2017,0,72
USC00519397,2/5/2017,0,73
USC00519397,2/6/2017,0,76
USC00519397,2/7/2017,0.51,64
USC00519397,2/8/2017,0,62
USC00519397,2/9/2017,0,61
USC00519397,2/10/2017,0,71
USC00519397,2/11/2017,0.31,69
USC00519397,2/12/2017,2.62,68
USC00519397,2/13/2017,0.01,74
USC00519397,2/14/2017,0,75
USC00519397,2/15/2017,0,75
USC00519397,2/16/2017,0.07,71
USC00519397,2/17/2017,0,71
USC00519397,2/18/2017,0,68
USC00519397,2/19/2017,0,69
USC00519397,2/20/2017,0,71
USC00519397,2/21/2017,0.06,70
USC00519397,2/22/2017,0.06,72
USC00519397,2/23/2017,0.01,74
USC00519397,2/24/2017,0,70
USC00519397,2/25/2017,0.03,64
USC00519397,2/26/2017,0,65
USC00519397,2/27/2017,0,72
USC00519397,2/28/2017,0,74
USC00519397,3/1/2017,1.19,66
USC00519397,3/2/2017,0.73,73
USC00519397,3/3/2017,0.47,69
USC00519397,3/4/2017,0,74
USC00519397,3/5/2017,0.35,71
USC00519397,3/6/2017,0,69
USC00519397,3/7/2017,0,68
USC00519397,3/8/2017,0,71
USC00519397,3/9/2017,0,72
USC00519397,3/10/2017,0,68
USC00519397,3/11/2017,0,71
USC00519397,3/12/2017,0,74
USC00519397,3/13/2017,0,71
USC00519397,3/14/2017,0,71
USC00519397,3/15/2017,0,71
USC00519397,3/16/2017,0,70
USC00519397,3/17/2017,0,72
USC00519397,3/18/2017,0,69
USC00519397,3/19/2017,0,73
USC00519397,3/20/2017,0,75
USC00519397,3/21/2017,0,75
USC00519397,3/22/2017,0,74
USC00519397,3/23/2017,0,70
USC00519397,3/24/2017,0.02,73
USC00519397,3/25/2017,0,76
USC00519397,3/26/2017,0,76
USC00519397,3/27/2017,0,75
USC00519397,3/28/2017,0,77
USC00519397,3/29/2017,0,76
USC00519397,3/30/2017,0,77
USC00519397,3/31/2017,0,76
USC00519397,4/1/2017,0,76
USC00519397,4/2/2017,0,76
USC00519397,4/3/2017,0,77
USC00519397,4/4/2017,0,76
USC00519397,4/5/2017,0,78
USC00519397,4/6/2017,0,77
USC00519397,4/7/2017,0,77
USC00519397,4/8/2017,0,77
USC00519397,4/9/2017,0,72
USC00519397,4/10/2017,0,75
USC00519397,4/11/2017,0,79
USC00519397,4/12/2017,0,78
USC00519397,4/13/2017,0,77
USC00519397,4/14/2017,0.26,75
USC00519397,4/15/2017,0.01,73
USC00519397,4/16/2017,0,74
USC00519397,4/17/2017,0.02,74
USC00519397,4/18/2017,0,75
USC00519397,4/19/2017,0.02,74
USC00519397,4/20/2017,0.05,78
USC00519397,4/21/2017,0.23,73
USC00519397,4/22/2017,0.32,76
USC00519397,4/23/2017,0.03,77
USC00519397,4/24/2017,0,77
USC00519397,4/25/2017,0,77
USC00519397,4/26/2017,0,77
USC00519397,4/27/2017,0,78
USC00519397,4/28/2017,0,76
USC00519397,4/29/2017,0.12,72
USC00519397,4/30/2017,0.89,63
USC00519397,5/1/2017,0.26,75
USC00519397,5/2/2017,0,78
USC00519397,5/3/2017,0,78
USC00519397,5/4/2017,0,78
USC00519397,5/5/2017,0,79
USC00519397,5/6/2017,0,79
USC00519397,5/7/2017,0,79
USC00519397,5/8/2017,0,77
USC00519397,5/10/2017,0,78
USC00519397,5/11/2017,0.01,78
USC00519397,5/12/2017,0,79
USC00519397,5/13/2017,0,79
USC00519397,5/14/2017,0,77
USC00519397,5/15/2017,0.05,78
USC00519397,5/16/2017,0.01,78
USC00519397,5/17/2017,0,78
USC00519397,5/18/2017,0.01,73
USC00519397,5/19/2017,0,76
USC00519397,5/20/2017,0,78
USC00519397,5/21/2017,0,76
USC00519397,5/22/2017,0,77
USC00519397,5/23/2017,0.08,87
USC00519397,5/24/2017,0.13,77
USC00519397,5/25/2017,0.15,77
USC00519397,5/27/2017,0.01,74
USC00519397,5/28/2017,0.02,76
USC00519397,5/29/2017,0,75
USC00519397,5/30/2017,0.26,76
USC00519397,5/31/2017,0.02,79
USC00519397,6/1/2017,0,79
USC00519397,6/2/2017,0,79
USC00519397,6/3/2017,0.02,79
USC00519397,6/4/2017,0,79
USC00519397,6/5/2017,0,80
USC00519397,6/6/2017,0,79
USC00519397,6/7/2017,0,79
USC00519397,6/8/2017,0,80
USC00519397,6/9/2017,0,80
USC00519397,6/10/2017,0.04,77
USC00519397,6/11/2017,0.08,79
USC00519397,6/12/2017,0.02,83
USC00519397,6/13/2017,0,80
USC00519397,6/14/2017,0,80
USC00519397,6/15/2017,0,78
USC00519397,6/16/2017,0,79
USC00519397,6/17/2017,0,80
USC00519397,6/18/2017,0.05,77
USC00519397,6/19/2017,0,80
USC00519397,6/20/2017,0.02,78
USC00519397,6/21/2017,0,79
USC00519397,6/22/2017,0,80
USC00519397,6/23/2017,0,78
USC00519397,6/24/2017,0.06,80
USC00519397,6/25/2017,0,80
USC00519397,6/26/2017,0,81
USC00519397,6/27/2017,0,80
USC00519397,6/28/2017,0,79
USC00519397,6/29/2017,0,79
USC00519397,6/30/2017,0.08,75
USC00519397,7/1/2017,0.02,80
USC00519397,7/2/2017,0.02,80
USC00519397,7/3/2017,0.04,78
USC00519397,7/4/2017,0.04,80
USC00519397,7/5/2017,0,80
USC00519397,7/6/2017,0,81
USC00519397,7/7/2017,0,79
USC00519397,7/8/2017,0,80
USC00519397,7/9/2017,0,80
USC00519397,7/10/2017,0,80
USC00519397,7/11/2017,0,78
USC00519397,7/12/2017,0,81
USC00519397,7/13/2017,0.07,79
USC00519397,7/14/2017,0.02,81
USC00519397,7/15/2017,0,80
USC00519397,7/16/2017,0.02,78
USC00519397,7/17/2017,0.03,80
USC00519397,7/18/2017,0.05,80
USC00519397,7/20/2017,0.03,80
USC00519397,7/21/2017,0,80
USC00519397,7/22/2017,0.03,81
USC00519397,7/23/2017,0,81
USC00519397,7/24/2017,0.05,78
USC00519397,7/25/2017,0,80
USC00519397,7/26/2017,0,82
USC00519397,7/27/2017,0,79
USC00519397,7/28/2017,0,81
USC00519397,7/29/2017,0,81
USC00519397,7/30/2017,0,81
USC00519397,7/31/2017,0,80
USC00519397,8/1/2017,0.02,77
USC00519397,8/2/2017,0,73
USC00519397,8/3/2017,0,79
USC00519397,8/4/2017,0.02,80
USC00519397,8/5/2017,0,81
USC00519397,8/6/2017,0,80
USC00519397,8/7/2017,0,80
USC00519397,8/8/2017,0,80
USC00519397,8/9/2017,0,80
USC00519397,8/10/2017,0,81
USC00519397,8/11/2017,0,78
USC00519397,8/12/2017,0,80
USC00519397,8/13/2017,0,81
USC00519397,8/14/2017,0,79
USC00519397,8/15/2017,0.02,78
USC00519397,8/18/2017,0,80
USC00519397,8/19/2017,0,79
USC00519397,8/20/2017,0,81
USC00519397,8/21/2017,0,81
USC00519397,8/22/2017,0,82
USC00519397,8/23/2017,0,81
USC00513117,8/24/2016,2.15,76
USC00513117,8/25/2016,0.08,77
USC00513117,8/26/2016,0.03,78
USC00513117,8/27/2016,0.18,73
USC00513117,8/28/2016,0.14,73
USC00513117,8/29/2016,0.17,78
USC00513117,8/30/2016,0,76
USC00513117,8/31/2016,0.1,77
USC00513117,9/1/2016,0,79
USC00513117,9/2/2016,0.02,78
USC00513117,9/3/2016,0.07,77
USC00513117,9/4/2016,0.03,75
USC00513117,9/5/2016,0.11,78
USC00513117,9/6/2016,0.05,74
USC00513117,9/7/2016,0.1,75
USC00513117,9/8/2016,0.22,77
USC00513117,9/9/2016,0.01,76
USC00513117,9/10/2016,0.01,76
USC00513117,9/11/2016,0.18,76
USC00513117,9/12/2016,0.04,76
USC00513117,9/13/2016,0.37,76
USC00513117,9/14/2016,0.9,76
USC00513117,9/15/2016,0.12,78
USC00513117,9/16/2016,0.01,78
USC00513117,9/17/2016,0.04,78
USC00513117,9/18/2016,0,78
USC00513117,9/19/2016,0.01,75
USC00513117,9/20/2016,0.09,78
USC00513117,9/21/2016,0.06,76
USC00513117,9/22/2016,0.09,77
USC00513117,9/23/2016,0.15,76
USC00513117,9/24/2016,0,79
USC00513117,9/25/2016,0.02,77
USC00513117,9/26/2016,0.06,77
USC00513117,9/27/2016,0.12,77
USC00513117,9/28/2016,0.08,77
USC00513117,9/29/2016,0.49,76
USC00513117,9/30/2016,0.31,77
USC00513117,10/1/2016,0.14,75
USC00513117,10/2/2016,0.02,77
USC00513117,10/3/2016,0.04,78
USC00513117,10/4/2016,0,78
USC00513117,10/5/2016,0,77
USC00513117,10/6/2016,0.05,76
USC00513117,10/7/2016,0,78
USC00513117,10/8/2016,0,76
USC00513117,10/9/2016,0,77
USC00513117,10/10/2016,0,75
USC00513117,10/11/2016,0.02,77
USC00513117,10/12/2016,0.03,75
USC00513117,10/13/2016,0,78
USC00513117,10/14/2016,0,77
USC00513117,10/15/2016,0,76
USC00513117,10/16/2016,0,75
USC00513117,10/17/2016,0.03,77
USC00513117,10/18/2016,0.05,77
USC00513117,10/19/2016,0.06,77
USC00513117,10/20/2016,0,76
USC00513117,10/21/2016,0.15,76
USC00513117,10/22/2016,0.1,77
USC00513117,10/23/2016,0.01,76
USC00513117,10/24/2016,0,76
USC00513117,10/25/2016,0.04,77
USC00513117,10/26/2016,0.06,74
USC00513117,10/27/2016,0.11,75
USC00513117,10/28/2016,0.02,77
USC00513117,10/29/2016,0.02,77
USC00513117,10/30/2016,0.1,78
USC00513117,10/31/2016,0.03,76
USC00513117,11/1/2016,0.01,77
USC00513117,11/2/2016,0,76
USC00513117,11/3/2016,0,74
USC00513117,11/4/2016,0,76
USC00513117,11/5/2016,0.02,72
USC00513117,11/6/2016,0.02,76
USC00513117,11/7/2016,0,69
USC00513117,11/8/2016,0.14,71
USC00513117,11/9/2016,0.08,70
USC00513117,11/10/2016,0,69
USC00513117,11/11/2016,0,71
USC00513117,11/12/2016,0,68
USC00513117,11/13/2016,0,72
USC00513117,11/14/2016,0.06,76
USC00513117,11/15/2016,0,78
USC00513117,11/16/2016,0.14,76
USC00513117,11/17/2016,0.03,75
USC00513117,11/18/2016,0.01,78
USC00513117,11/19/2016,0.11,73
USC00513117,11/20/2016,0.11,75
USC00513117,11/21/2016,0.02,75
USC00513117,11/22/2016,0.41,76
USC00513117,11/23/2016,0.03,75
USC00513117,11/24/2016,0.2,75
USC00513117,11/25/2016,0.05,76
USC00513117,11/26/2016,0.05,76
USC00513117,11/27/2016,0.06,75
USC00513117,11/28/2016,0.02,75
USC00513117,11/29/2016,0.04,74
USC00513117,11/30/2016,0.05,74
USC00513117,12/1/2016,0.33,73
USC00513117,12/2/2016,0.3,71
USC00513117,12/3/2016,0.04,71
USC00513117,12/4/2016,0.1,69
USC00513117,12/5/2016,0.34,68
USC00513117,12/6/2016,0.02,70
USC00513117,12/7/2016,0.17,71
USC00513117,12/8/2016,0.03,72
USC00513117,12/9/2016,0.34,70
USC00513117,12/10/2016,0.02,71
USC00513117,12/11/2016,0.02,72
USC00513117,12/12/2016,0.01,68
USC00513117,12/13/2016,0.1,68
USC00513117,12/14/2016,0.05,70
USC00513117,12/15/2016,0.02,70
USC00513117,12/16/2016,0.01,63
USC00513117,12/17/2016,0.11,71
USC00513117,12/18/2016,0.29,67
USC00513117,12/19/2016,0.21,69
USC00513117,12/20/2016,0.02,74
USC00513117,12/21/2016,0.03,72
USC00513117,12/22/2016,0.17,70
USC00513117,12/23/2016,0.1,69
USC00513117,12/24/2016,0.14,73
USC00513117,12/25/2016,0.03,74
USC00513117,12/26/2016,0.26,74
USC00513117,12/27/2016,0.03,73
USC00513117,12/28/2016,0.09,71
USC00513117,12/29/2016,0.18,72
USC00513117,12/30/2016,0.21,69
USC00513117,12/31/2016,0.62,71
USC00513117,1/1/2017,0.29,66
USC00513117,1/2/2017,0,66
USC00513117,1/3/2017,0,65
USC00513117,1/4/2017,0,64
USC00513117,1/5/2017,0,65
USC00513117,1/6/2017,0,70
USC00513117,1/7/2017,0.06,72
USC00513117,1/8/2017,0,62
USC00513117,1/9/2017,0,65
USC00513117,1/10/2017,0,66
USC00513117,1/11/2017,0,66
USC00513117,1/12/2017,0,67
USC00513117,1/13/2017,0,70
USC00513117,1/14/2017,0,66
USC00513117,1/15/2017,0,67
USC00513117,1/16/2017,0,69
USC00513117,1/17/2017,0,74
USC00513117,1/18/2017,0,73
USC00513117,1/19/2017,0,74
USC00513117,1/20/2017,0,73
USC00513117,1/21/2017,0.04,72
USC00513117,1/22/2017,0.01,71
USC00513117,1/23/2017,0.08,71
USC00513117,1/24/2017,0.15,71
USC00513117,1/25/2017,0.12,73
USC00513117,1/26/2017,0,72
USC00513117,1/27/2017,0,63
USC00513117,1/28/2017,0.14,71
USC00513117,1/29/2017,0,71
USC00513117,1/30/2017,0,69
USC00513117,1/31/2017,0,69
USC00513117,2/1/2017,0,69
USC00513117,2/2/2017,0,63
USC00513117,2/3/2017,0,64
USC00513117,2/4/2017,0,67
USC00513117,2/5/2017,0,75
USC00513117,2/6/2017,0.16,74
USC00513117,2/7/2017,1.08,67
USC00513117,2/8/2017,1.08,67
USC00513117,2/9/2017,0.02,64
USC00513117,2/10/2017,0,64
USC00513117,2/11/2017,1,65
USC00513117,2/12/2017,1.07,67
USC00513117,2/13/2017,2.9,69
USC00513117,2/14/2017,0,72
USC00513117,2/15/2017,0,76
USC00513117,2/16/2017,0,74
USC00513117,2/17/2017,0.8,67
USC00513117,2/18/2017,0,71
USC00513117,2/19/2017,0,70
USC00513117,2/20/2017,0,71
USC00513117,2/21/2017,0,70
USC00513117,2/22/2017,0.06,70
USC00513117,2/23/2017,0,70
USC00513117,2/24/2017,0,70
USC00513117,2/25/2017,0,63
USC00513117,2/26/2017,0,63
USC00513117,2/27/2017,0,66
USC00513117,2/28/2017,0.16,73
USC00513117,3/1/2017,2.2,72
USC00513117,3/2/2017,1.45,73
USC00513117,3/3/2017,0.54,73
USC00513117,3/4/2017,0,76
USC00513117,3/5/2017,0.1,70
USC00513117,3/6/2017,0.51,66
USC00513117,3/7/2017,0,65
USC00513117,3/8/2017,0,70
USC00513117,3/9/2017,0.8,67
USC00513117,3/10/2017,0.13,68
USC00513117,3/11/2017,0.03,68
USC00513117,3/12/2017,0,70
USC00513117,3/13/2017,0,70
USC00513117,3/14/2017,0,70
USC00513117,3/15/2017,0,71
USC00513117,3/16/2017,0,69
USC00513117,3/17/2017,0.19,69
USC00513117,3/18/2017,0,67
USC00513117,3/19/2017,0,72
USC00513117,3/20/2017,0,72
USC00513117,3/21/2017,0,73
USC00513117,3/22/2017,0,74
USC00513117,3/23/2017,0,74
USC00513117,3/24/2017,0.6,72
USC00513117,3/25/2017,0.13,72
USC00513117,3/26/2017,0,75
USC00513117,3/27/2017,0,74
USC00513117,3/28/2017,0.03,75
USC00513117,3/29/2017,0,73
USC00513117,3/30/2017,0.08,74
USC00513117,3/31/2017,0,74
USC00513117,4/1/2017,0,76
USC00513117,4/2/2017,0,74
USC00513117,4/3/2017,0.08,73
USC00513117,4/4/2017,0.04,72
USC00513117,4/5/2017,0.04,72
USC00513117,4/6/2017,0,73
USC00513117,4/7/2017,0,74
USC00513117,4/8/2017,0,73
USC00513117,4/9/2017,0,69
USC00513117,4/10/2017,0.01,71
USC00513117,4/11/2017,0.03,75
USC00513117,4/12/2017,0.03,74
USC00513117,4/13/2017,0.27,71
USC00513117,4/14/2017,0.69,70
USC00513117,4/15/2017,0.45,70
USC00513117,4/16/2017,0.49,69
USC00513117,4/17/2017,0.41,69
USC00513117,4/18/2017,0.08,70
USC00513117,4/19/2017,0.02,70
USC00513117,4/20/2017,0.33,75
USC00513117,4/21/2017,1.16,70
USC00513117,4/22/2017,1.01,74
USC00513117,4/23/2017,0.02,75
USC00513117,4/24/2017,0,76
USC00513117,4/25/2017,0,75
USC00513117,4/26/2017,0,78
USC00513117,4/27/2017,0.1,73
USC00513117,4/28/2017,2.6,70
USC00513117,4/29/2017,0.35,66
USC00513117,4/30/2017,1.21,61
USC00513117,5/1/2017,0.07,68
USC00513117,5/2/2017,0.03,73
USC00513117,5/3/2017,0.01,74
USC00513117,5/4/2017,0,77
USC00513117,5/5/2017,0,78
USC00513117,5/6/2017,0,75
USC00513117,5/7/2017,0.07,75
USC00513117,5/8/2017,0.22,71
USC00513117,5/9/2017,1.62,74
USC00513117,5/10/2017,0.05,75
USC00513117,5/11/2017,0.03,74
USC00513117,5/12/2017,0.04,74
USC00513117,5/13/2017,0.02,75
USC00513117,5/14/2017,0.05,75
USC00513117,5/15/2017,0.08,75
USC00513117,5/16/2017,0.03,75
USC00513117,5/17/2017,0.02,75
USC00513117,5/18/2017,0.09,70
USC00513117,5/19/2017,0.02,70
USC00513117,5/20/2017,0,72
USC00513117,5/21/2017,0,72
USC00513117,5/22/2017,0,76
USC00513117,5/23/2017,0.02,73
USC00513117,5/24/2017,0.58,75
USC00513117,5/25/2017,0.37,69
USC00513117,5/26/2017,0.02,73
USC00513117,5/27/2017,0,69
USC00513117,5/28/2017,0.29,71
USC00513117,5/29/2017,0.02,71
USC00513117,5/30/2017,0.2,74
USC00513117,5/31/2017,0.1,76
USC00513117,6/1/2017,0.03,76
USC00513117,6/2/2017,0.1,76
USC00513117,6/3/2017,0.2,76
USC00513117,6/4/2017,0.15,78
USC00513117,6/5/2017,0,76
USC00513117,6/6/2017,0,75
USC00513117,6/7/2017,0,75
USC00513117,6/8/2017,0.02,76
USC00513117,6/9/2017,0.02,78
USC00513117,6/10/2017,0.21,75
USC00513117,6/11/2017,0.24,73
USC00513117,6/12/2017,0.19,76
USC00513117,6/13/2017,0.36,76
USC00513117,6/14/2017,0.27,76
USC00513117,6/15/2017,0.17,77
USC00513117,6/16/2017,0.02,76
USC00513117,6/17/2017,0.35,77
USC00513117,6/18/2017,0.25,72
USC00513117,6/19/2017,0.05,77
USC00513117,6/20/2017,0.05,75
USC00513117,6/21/2017,0.02,82
USC00513117,6/22/2017,0.1,77
USC00513117,6/23/2017,0,76
USC00513117,6/24/2017,0,74
USC00513117,6/25/2017,0.08,73
USC00513117,6/26/2017,0.02,77
USC00513117,6/27/2017,0,77
USC00513117,6/28/2017,0.01,77
USC00513117,6/29/2017,0.03,76
USC00513117,6/30/2017,0.04,74
USC00513117,7/1/2017,0.06,76
USC00513117,7/2/2017,0.05,77
USC00513117,7/3/2017,0.13,77
USC00513117,7/4/2017,0.03,77
USC00513117,7/5/2017,0,77
USC00513117,7/6/2017,0,76
USC00513117,7/7/2017,0.02,77
USC00513117,7/8/2017,0.02,76
USC00513117,7/9/2017,0.09,76
USC00513117,7/10/2017,0,79
USC00513117,7/11/2017,0.01,76
USC00513117,7/12/2017,0.01,78
USC00513117,7/13/2017,0.33,76
USC00513117,7/14/2017,0.05,80
USC00513117,7/15/2017,0.03,79
USC00513117,7/16/2017,0.07,76
USC00513117,7/17/2017,0.12,75
USC00513117,7/18/2017,0.03,78
USC00513117,7/19/2017,0,78
USC00513117,7/20/2017,0.12,78
USC00513117,7/21/2017,0,78
USC00513117,7/22/2017,0.07,78
USC00513117,7/23/2017,0.06,75
USC00513117,7/24/2017,0.58,78
USC00513117,7/25/2017,0.03,78
USC00513117,7/26/2017,0.06,78
USC00513117,7/27/2017,0,77
USC00513117,7/28/2017,0.13,77
USC00513117,7/29/2017,0.06,78
USC00513117,7/30/2017,0,78
USC00513117,7/31/2017,0,77
USC00514830,8/24/2016,2.28,80
USC00514830,8/25/2016,0,81
USC00514830,8/26/2016,0.02,81
USC00514830,8/27/2016,0.02,81
USC00514830,8/28/2016,0.14,81
USC00514830,8/29/2016,0.04,80
USC00514830,8/31/2016,,80
USC00514830,9/1/2016,0,82
USC00514830,9/2/2016,0.19,81
USC00514830,9/5/2016,,82
USC00514830,9/6/2016,0.04,80
USC00514830,9/7/2016,0.23,80
USC00514830,9/8/2016,0.01,81
USC00514830,9/9/2016,0.29,77
USC00514830,9/12/2016,,79
USC00514830,9/13/2016,0.32,79
USC00514830,9/14/2016,1.84,79
USC00514830,9/15/2016,0.07,81
USC00514830,9/16/2016,0.07,79
USC00514830,9/19/2016,,79
USC00514830,9/20/2016,0.25,80
USC00514830,9/21/2016,0.02,80
USC00514830,9/22/2016,0.17,78
USC00514830,9/23/2016,0.15,81
USC00514830,9/24/2016,0,82
USC00514830,9/25/2016,0,82
USC00514830,9/26/2016,0.02,80
USC00514830,9/27/2016,0,79
USC00514830,9/28/2016,0,80
USC00514830,9/29/2016,0.2,79
USC00514830,9/30/2016,0.06,80
USC00514830,10/1/2016,0.08,80
USC00514830,10/2/2016,0.03,80
USC00514830,10/3/2016,0.03,80
USC00514830,10/4/2016,0,81
USC00514830,10/5/2016,0,80
USC00514830,10/6/2016,0,80
USC00514830,10/7/2016,0,79
USC00514830,10/10/2016,,77
USC00514830,10/11/2016,0.04,80
USC00514830,10/12/2016,0,80
USC00514830,10/13/2016,0.02,81
USC00514830,10/14/2016,0,79
USC00514830,10/15/2016,0.02,81
USC00514830,10/17/2016,,78
USC00514830,10/18/2016,0.03,80
USC00514830,10/19/2016,0,79
USC00514830,10/20/2016,0.01,77
USC00514830,10/21/2016,0.03,78
USC00514830,10/23/2016,,80
USC00514830,10/24/2016,0.01,77
USC00514830,10/25/2016,0,81
USC00514830,10/27/2016,0.2,78
USC00514830,10/28/2016,0.07,78
USC00514830,10/29/2016,0.26,76
USC00514830,10/30/2016,0.14,78
USC00514830,10/31/2016,0,77
USC00514830,11/1/2016,0,77
USC00514830,11/2/2016,0,78
USC00514830,11/3/2016,0,77
USC00514830,11/4/2016,0,77
USC00514830,11/5/2016,0,77
USC00514830,11/6/2016,0,78
USC00514830,11/7/2016,0.13,72
USC00514830,11/8/2016,0.02,73
USC00514830,11/9/2016,0.17,74
USC00514830,11/10/2016,0,75
USC00514830,11/11/2016,0,77
USC00514830,11/12/2016,0,78
USC00514830,11/13/2016,0,78
USC00514830,11/14/2016,0.05,79
USC00514830,11/15/2016,0,77
USC00514830,11/16/2016,0.18,78
USC00514830,11/17/2016,0,77
USC00514830,11/22/2016,,76
USC00514830,11/25/2016,,74
USC00514830,11/26/2016,0.02,78
USC00514830,11/27/2016,0.03,76
USC00514830,11/28/2016,0,76
USC00514830,11/29/2016,0.04,75
USC00514830,11/30/2016,0.03,76
USC00514830,12/1/2016,0.07,75
USC00514830,12/2/2016,0.4,77
USC00514830,12/3/2016,0.26,75
USC00514830,12/4/2016,0,77
USC00514830,12/5/2016,0.2,76
USC00514830,12/7/2016,,76
USC00514830,12/8/2016,0.02,75
USC00514830,12/9/2016,0.26,72
USC00514830,12/10/2016,0,76
USC00514830,12/12/2016,,75
USC00514830,12/13/2016,0.34,72
USC00514830,12/14/2016,0.12,72
USC00514830,12/15/2016,0.07,75
USC00514830,12/16/2016,0,69
USC00514830,12/17/2016,0,75
USC00514830,12/18/2016,0.04,74
USC00514830,12/19/2016,0,78
USC00514830,12/20/2016,0,77
USC00514830,12/21/2016,0.09,76
USC00514830,12/22/2016,0.05,72
USC00514830,12/23/2016,0.03,73
USC00514830,12/24/2016,0.13,74
USC00514830,12/26/2016,,74
USC00514830,12/27/2016,0.02,74
USC00514830,12/28/2016,0.01,73
USC00514830,12/29/2016,0.56,73
USC00514830,12/30/2016,0.29,71
USC00514830,12/31/2016,0.36,72
USC00514830,1/1/2017,0,74
USC00514830,1/2/2017,0.01,74
USC00514830,1/3/2017,0,70
USC00514830,1/4/2017,0,71
USC00514830,1/5/2017,0,72
USC00514830,1/6/2017,0.59,71
USC00514830,1/7/2017,0,71
USC00514830,1/8/2017,0.03,74
USC00514830,1/9/2017,0,72
USC00514830,1/10/2017,0,72
USC00514830,1/11/2017,0,76
USC00514830,1/13/2017,,75
USC00514830,1/14/2017,0,77
USC00514830,1/16/2017,,76
USC00514830,1/17/2017,0,75
USC00514830,1/18/2017,0,75
USC00514830,1/19/2017,0,77
USC00514830,1/20/2017,0,74
USC00514830,1/21/2017,0.02,73
USC00514830,1/23/2017,,75
USC00514830,1/25/2017,,73
USC00514830,1/26/2017,0.01,74
USC00514830,1/27/2017,0,74
USC00514830,1/28/2017,0,76
USC00514830,1/30/2017,,71
USC00514830,1/31/2017,0,70
USC00514830,2/1/2017,0,72
USC00514830,2/2/2017,0,72
USC00514830,2/3/2017,0,73
USC00514830,2/5/2017,,80
USC00514830,2/6/2017,0.04,77
USC00514830,2/7/2017,0.9,76
USC00514830,2/8/2017,0,67
USC00514830,2/9/2017,0,71
USC00514830,2/10/2017,0,73
USC00514830,2/11/2017,2.39,69
USC00514830,2/12/2017,1.91,76
USC00514830,2/13/2017,0,80
USC00514830,2/14/2017,0,79
USC00514830,2/15/2017,0,76
USC00514830,2/16/2017,0.62,73
USC00514830,2/17/2017,0.06,77
USC00514830,2/20/2017,,72
USC00514830,2/21/2017,0,71
USC00514830,2/22/2017,0.11,72
USC00514830,2/23/2017,0,75
USC00514830,2/24/2017,0,71
USC00514830,2/26/2017,,75
USC00514830,2/27/2017,0,71
USC00514830,2/28/2017,0.04,73
USC00514830,3/1/2017,1.12,71
USC00514830,3/3/2017,,73
USC00514830,3/6/2017,,74
USC00514830,3/7/2017,0,74
USC00514830,3/8/2017,0,74
USC00514830,3/9/2017,0.5,69
USC00514830,3/10/2017,0.13,75
USC00514830,3/12/2017,,80
USC00514830,3/13/2017,0,77
USC00514830,3/14/2017,0,77
USC00514830,3/16/2017,,77
USC00514830,3/17/2017,0.06,72
USC00514830,3/18/2017,0,76
USC00514830,3/20/2017,,77
USC00514830,3/21/2017,0,76
USC00514830,3/22/2017,0,76
USC00514830,3/23/2017,0,78
USC00514830,3/24/2017,0.15,75
USC00514830,3/27/2017,,78
USC00514830,3/28/2017,0,78
USC00514830,3/29/2017,0.03,77
USC00514830,3/30/2017,0.03,78
USC00514830,3/31/2017,0,77
USC00514830,4/1/2017,0,78
USC00514830,4/2/2017,0,77
USC00514830,4/3/2017,0.09,77
USC00514830,4/4/2017,0,76
USC00514830,4/5/2017,0.07,77
USC00514830,4/6/2017,0,76
USC00514830,4/7/2017,0,76
USC00514830,4/9/2017,,77
USC00514830,4/10/2017,0,79
USC00514830,4/11/2017,0.16,77
USC00514830,4/12/2017,0.29,77
USC00514830,4/13/2017,0,77
USC00514830,4/14/2017,0.29,77
USC00514830,4/17/2017,,69
USC00514830,4/18/2017,0.12,76
USC00514830,4/19/2017,0,83
USC00514830,4/20/2017,0,74
USC00514830,4/21/2017,1.05,70
USC00514830,4/22/2017,0.7,74
USC00514830,4/24/2017,,79
USC00514830,4/25/2017,0,77
USC00514830,4/26/2017,0.14,78
USC00514830,4/27/2017,0.02,78
USC00514830,4/28/2017,0.09,77
USC00514830,4/29/2017,0.95,71
USC00514830,4/30/2017,1.17,63
USC00514830,5/1/2017,0.03,78
USC00514830,5/2/2017,0.01,76
USC00514830,5/3/2017,0.01,78
USC00514830,5/4/2017,0.08,77
USC00514830,5/5/2017,0.28,78
USC00514830,5/6/2017,0.06,78
USC00514830,5/8/2017,0.95,73
USC00514830,5/9/2017,0.52,79
USC00514830,5/10/2017,0,76
USC00514830,5/12/2017,,78
USC00514830,5/15/2017,,77
USC00514830,5/16/2017,0.05,77
USC00514830,5/17/2017,0,78
USC00514830,5/18/2017,0.16,78
USC00514830,5/19/2017,0.01,79
USC00514830,5/20/2017,0.01,79
USC00514830,5/22/2017,,79
USC00514830,5/23/2017,0.11,78
USC00514830,5/24/2017,0.1,76
USC00514830,5/25/2017,0.07,79
USC00514830,5/26/2017,0,79
USC00514830,5/27/2017,0,79
USC00514830,5/28/2017,0.02,77
USC00514830,5/29/2017,0,79
USC00514830,5/30/2017,0.04,81
USC00514830,5/31/2017,0,81
USC00514830,6/1/2017,0,81
USC00514830,6/2/2017,0.15,78
USC00514830,6/3/2017,0.16,80
USC00514830,6/4/2017,0.05,79
USC00514830,6/5/2017,0.02,81
USC00514830,6/6/2017,0,80
USC00514830,6/7/2017,0,81
USC00514830,6/8/2017,0.01,79
USC00514830,6/9/2017,0,81
USC00514830,6/10/2017,0.53,78
USC00514830,6/11/2017,0.14,79
USC00514830,6/12/2017,0.35,79
USC00514830,6/13/2017,0.1,75
USC00514830,6/14/2017,0.21,79
USC00514830,6/15/2017,0.3,78
USC00514830,6/16/2017,0.02,80
USC00514830,6/17/2017,0.02,78
USC00514830,6/18/2017,0.18,77
USC00514830,6/19/2017,0.19,78
USC00514830,6/20/2017,0.17,79
USC00514830,6/23/2017,,76
USC00514830,6/26/2017,,80
USC00514830,6/29/2017,,76
USC00514830,6/30/2017,0,81
USC00514830,7/3/2017,,81
USC00514830,7/5/2017,,81
USC00514830,7/7/2017,,77
USC00514830,7/8/2017,0.06,81
USC00514830,7/9/2017,0,82
USC00514830,7/10/2017,0,80
USC00514830,7/11/2017,0,79
USC00514830,7/12/2017,0.02,81
USC00514830,7/13/2017,0.3,81
USC00514830,7/14/2017,0,80
USC00514830,7/15/2017,0.01,82
USC00514830,7/16/2017,0.12,79
USC00514830,7/17/2017,0.16,82
USC00514830,7/18/2017,0,82
USC00514830,7/19/2017,0.09,80
USC00514830,7/20/2017,0,79
USC00514830,7/21/2017,0,79
USC00514830,7/22/2017,0.12,80
USC00514830,7/23/2017,0.07,82
USC00514830,7/24/2017,1.19,79
USC00514830,7/25/2017,0.12,80
USC00514830,7/26/2017,0.02,79
USC00514830,7/27/2017,0,80
USC00514830,7/28/2017,0.14,81
USC00514830,7/29/2017,0.02,82
USC00514830,7/31/2017,,81
USC00514830,8/1/2017,0.12,74
USC00514830,8/2/2017,0.05,80
USC00514830,8/3/2017,0.01,81
USC00514830,8/4/2017,0.04,81
USC00514830,8/6/2017,0,82
USC00514830,8/7/2017,0,81
USC00514830,8/8/2017,0.1,78
USC00514830,8/9/2017,0,81
USC00514830,8/10/2017,0,81
USC00514830,8/11/2017,0,81
USC00514830,8/13/2017,,81
USC00514830,8/14/2017,0.01,81
USC00514830,8/15/2017,0,82
USC00514830,8/16/2017,0,82
USC00514830,8/17/2017,0,78
USC00514830,8/18/2017,0,77
USC00514830,8/19/2017,0,80
USC00514830,8/20/2017,0.01,80
USC00514830,8/21/2017,0.02,79
USC00514830,8/23/2017,0,82
USC00517948,8/24/2016,,78
USC00517948,8/25/2016,0,81
USC00517948,8/26/2016,0.04,81
USC00517948,8/29/2016,,80
USC00517948,8/30/2016,0.02,79
USC00517948,8/31/2016,,79
USC00517948,9/1/2016,,82
USC00517948,9/2/2016,,81
USC00517948,9/8/2016,,80
USC00517948,9/9/2016,,79
USC00517948,9/12/2016,,79
USC00517948,9/13/2016,,79
USC00517948,9/14/2016,,76
USC00517948,9/15/2016,,76
USC00517948,9/16/2016,0,79
USC00517948,9/19/2016,,79
USC00517948,9/20/2016,0,73
USC00517948,9/22/2016,0.06,76
USC00517948,9/23/2016,0,80
USC00517948,9/26/2016,,78
USC00517948,9/28/2016,0,79
USC00517948,9/29/2016,0.04,80
USC00517948,9/30/2016,,80
USC00517948,10/3/2016,,79
USC00517948,10/4/2016,,77
USC00517948,10/5/2016,,80
USC00517948,10/6/2016,0.07,79
USC00517948,10/7/2016,,78
USC00517948,10/11/2016,,79
USC00517948,10/13/2016,,80
USC00517948,10/17/2016,,80
USC00517948,10/18/2016,,80
USC00517948,10/19/2016,,80
USC00517948,10/20/2016,,78
USC00517948,10/21/2016,,76
USC00517948,10/24/2016,,76
USC00517948,10/25/2016,0.4,77
USC00517948,10/26/2016,0.2,73
USC00517948,10/27/2016,,77
USC00517948,10/28/2016,,76
USC00517948,10/31/2016,,75
USC00517948,11/4/2016,,77
USC00517948,11/7/2016,,75
USC00517948,11/9/2016,0,76
USC00517948,11/14/2016,0.02,79
USC00517948,11/15/2016,,77
USC00517948,11/16/2016,,77
USC00517948,11/17/2016,,77
USC00517948,11/18/2016,,75
USC00517948,11/21/2016,,73
USC00517948,11/22/2016,,76
USC00517948,11/23/2016,,77
USC00517948,11/28/2016,,76
USC00517948,11/29/2016,,74
USC00517948,11/30/2016,,75
USC00517948,12/1/2016,,72
USC00517948,12/2/2016,,70
USC00517948,12/5/2016,,68
USC00517948,12/6/2016,,74
USC00517948,12/7/2016,,71
USC00517948,12/8/2016,0.27,70
USC00517948,12/9/2016,,70
USC00517948,12/12/2016,0.02,70
USC00517948,12/13/2016,,68
USC00517948,12/14/2016,,68
USC00517948,12/15/2016,,68
USC00517948,12/16/2016,,66
USC00517948,12/19/2016,,71
USC00517948,12/20/2016,,76
USC00517948,12/21/2016,0.06,73
USC00517948,12/22/2016,,70
USC00517948,12/23/2016,,68
USC00517948,12/28/2016,,71
USC00517948,12/29/2016,,71
USC00517948,12/30/2016,,68
USC00517948,1/9/2017,,65
USC00517948,1/10/2017,,65
USC00517948,1/11/2017,,67
USC00517948,1/12/2017,,67
USC00517948,1/13/2017,,68
USC00517948,1/17/2017,0,70
USC00517948,1/18/2017,0,73
USC00517948,1/19/2017,,66
USC00517948,1/20/2017,,70
USC00517948,1/23/2017,,77
USC00517948,1/24/2017,,69
USC00517948,1/25/2017,,69
USC00517948,1/26/2017,0,70
USC00517948,1/27/2017,0,65
USC00517948,1/30/2017,0.05,68
USC00517948,1/31/2017,0,68
USC00517948,2/1/2017,0,62
USC00517948,2/2/2017,0,70
USC00517948,2/3/2017,0,72
USC00517948,2/6/2017,,76
USC00517948,2/7/2017,0,67
USC00517948,2/8/2017,0,64
USC00517948,2/9/2017,0,64
USC00517948,2/10/2017,0,64
USC00517948,2/13/2017,,77
USC00517948,2/14/2017,0,76
USC00517948,2/15/2017,,73
USC00517948,2/16/2017,,70
USC00517948,2/17/2017,0,69
USC00517948,2/21/2017,,71
USC00517948,2/22/2017,0.17,72
USC00517948,2/23/2017,0,72
USC00517948,2/24/2017,0,68
USC00517948,2/27/2017,,69
USC00517948,2/28/2017,,72
USC00517948,3/1/2017,2.4,66
USC00517948,3/2/2017,0.44,73
USC00517948,3/3/2017,0.14,70
USC00517948,3/6/2017,,67
USC00517948,3/7/2017,,67
USC00517948,3/8/2017,,67
USC00517948,3/9/2017,0,68
USC00517948,3/10/2017,0,68
USC00517948,3/13/2017,,69
USC00517948,3/14/2017,0.06,73
USC00517948,3/15/2017,0,75
USC00517948,3/16/2017,,71
USC00517948,3/17/2017,,72
USC00517948,3/28/2017,,73
USC00517948,3/29/2017,,74
USC00517948,3/30/2017,,77
USC00517948,3/31/2017,0,78
USC00517948,4/3/2017,,75
USC00517948,4/4/2017,0,75
USC00517948,4/5/2017,0,73
USC00517948,4/6/2017,0,73
USC00517948,4/7/2017,0,76
USC00517948,4/10/2017,,75
USC00517948,4/11/2017,,76
USC00517948,4/12/2017,,74
USC00517948,4/13/2017,,76
USC00517948,4/17/2017,,72
USC00517948,4/18/2017,0,75
USC00517948,4/19/2017,,76
USC00517948,4/20/2017,,75
USC00517948,4/21/2017,,74
USC00517948,4/24/2017,,78
USC00517948,4/25/2017,,78
USC00517948,4/27/2017,,78
USC00517948,4/28/2017,,76
USC00517948,6/2/2017,,79
USC00517948,6/5/2017,,78
USC00517948,6/6/2017,,80
USC00517948,6/7/2017,,80
USC00517948,6/8/2017,,78
USC00517948,6/9/2017,,80
USC00517948,6/13/2017,,81
USC00517948,6/14/2017,,78
USC00517948,6/15/2017,,77
USC00517948,6/16/2017,,78
USC00517948,6/19/2017,,78
USC00517948,6/20/2017,,77
USC00517948,6/21/2017,,76
USC00517948,6/22/2017,0,81
USC00517948,6/23/2017,0,76
USC00517948,6/26/2017,,82
USC00517948,6/27/2017,0,80
USC00517948,6/28/2017,0,80
USC00517948,6/29/2017,0,79
USC00517948,6/30/2017,0.12,74
USC00517948,7/3/2017,,87
USC00517948,7/5/2017,,80
USC00517948,7/6/2017,,79
USC00517948,7/7/2017,,79
USC00517948,7/10/2017,,78
USC00517948,7/11/2017,,81
USC00517948,7/12/2017,,80
USC00517948,7/13/2017,,81
USC00517948,7/18/2017,0,78
USC00517948,7/19/2017,0,81
USC00517948,7/20/2017,0,80
USC00517948,7/21/2017,0,81
USC00517948,7/25/2017,0,81
USC00517948,7/26/2017,,78
USC00517948,7/27/2017,,79
USC00517948,7/28/2017,0.01,80
USC00517948,7/31/2017,,81
USC00519523,8/24/2016,1.22,79
USC00519523,8/25/2016,0.21,80
USC00519523,8/26/2016,0,84
USC00519523,8/27/2016,0,81
USC00519523,8/28/2016,0.14,80
USC00519523,8/29/2016,0,79
USC00519523,8/30/2016,0,78
USC00519523,8/31/2016,0.25,78
USC00519523,9/2/2016,,81
USC00519523,9/3/2016,0.08,78
USC00519523,9/4/2016,0.74,84
USC00519523,9/5/2016,0.02,84
USC00519523,9/6/2016,0.03,78
USC00519523,9/7/2016,0.11,76
USC00519523,9/8/2016,0.01,79
USC00519523,9/9/2016,0.23,77
USC00519523,9/10/2016,0.14,78
USC00519523,9/11/2016,0.12,83
USC00519523,9/12/2016,0.15,78
USC00519523,9/13/2016,0.46,77
USC00519523,9/14/2016,1.19,77
USC00519523,9/15/2016,0.17,79
USC00519523,9/16/2016,0.01,78
USC00519523,9/17/2016,0,81
USC00519523,9/18/2016,0.04,81
USC00519523,9/19/2016,0.05,78
USC00519523,9/20/2016,0.04,77
USC00519523,9/21/2016,0,79
USC00519523,9/22/2016,0.01,79
USC00519523,9/23/2016,0,80
USC00519523,9/24/2016,0,83
USC00519523,9/25/2016,0,82
USC00519523,9/26/2016,0.34,78
USC00519523,9/27/2016,0.05,78
USC00519523,9/28/2016,0,78
USC00519523,9/29/2016,0.18,82
USC00519523,9/30/2016,0.15,78
USC00519523,10/1/2016,0.07,79
USC00519523,10/2/2016,0,81
USC00519523,10/3/2016,0,79
USC00519523,10/4/2016,0,80
USC00519523,10/5/2016,0,80
USC00519523,10/6/2016,0,80
USC00519523,10/7/2016,0,79
USC00519523,10/8/2016,0,82
USC00519523,10/9/2016,0,80
USC00519523,10/10/2016,0,78
USC00519523,10/11/2016,0,81
USC00519523,10/12/2016,0,81
USC00519523,10/13/2016,0,79
USC00519523,10/14/2016,0,80
USC00519523,10/15/2016,0,79
USC00519523,10/16/2016,0,81
USC00519523,10/17/2016,0.12,80
USC00519523,10/18/2016,0.02,80
USC00519523,10/19/2016,0,78
USC00519523,10/21/2016,,79
USC00519523,10/22/2016,0,80
USC00519523,10/23/2016,0,81
USC00519523,10/24/2016,0,75
USC00519523,10/25/2016,0.12,77
USC00519523,10/26/2016,0.02,78
USC00519523,10/27/2016,0.08,78
USC00519523,10/28/2016,0.06,78
USC00519523,10/29/2016,0.01,78
USC00519523,10/30/2016,0,79
USC00519523,10/31/2016,0.13,78
USC00519523,11/1/2016,0.01,79
USC00519523,11/2/2016,0,76
USC00519523,11/3/2016,0,77
USC00519523,11/4/2016,0,76
USC00519523,11/5/2016,0.02,78
USC00519523,11/6/2016,0,78
USC00519523,11/7/2016,0,76
USC00519523,11/8/2016,0.15,77
USC00519523,11/9/2016,0,75
USC00519523,11/10/2016,0,72
USC00519523,11/11/2016,0,73
USC00519523,11/12/2016,0,79
USC00519523,11/13/2016,0,79
USC00519523,11/14/2016,0,78
USC00519523,11/15/2016,0,77
USC00519523,11/16/2016,0.07,77
USC00519523,11/17/2016,0,77
USC00519523,11/18/2016,0.02,77
USC00519523,11/19/2016,0.13,76
USC00519523,11/20/2016,0.4,80
USC00519523,11/21/2016,0.07,75
USC00519523,11/22/2016,0.31,76
USC00519523,11/23/2016,0.03,75
USC00519523,11/24/2016,0.21,75
USC00519523,11/25/2016,0.11,76
USC00519523,11/26/2016,0.03,78
USC00519523,11/27/2016,0,78
USC00519523,11/28/2016,0,77
USC00519523,11/29/2016,0.06,76
USC00519523,11/30/2016,0,76
USC00519523,12/1/2016,0.16,76
USC00519523,12/2/2016,0.01,75
USC00519523,12/3/2016,0.02,75
USC00519523,12/4/2016,0.32,75
USC00519523,12/5/2016,0.45,70
USC00519523,12/6/2016,0,70
USC00519523,12/7/2016,0.07,74
USC00519523,12/8/2016,0.01,73
USC00519523,12/10/2016,,72
USC00519523,12/11/2016,0.06,78
USC00519523,12/12/2016,0,67
USC00519523,12/13/2016,0.15,69
USC00519523,12/14/2016,0.05,71
USC00519523,12/15/2016,0,74
USC00519523,12/16/2016,0,63
USC00519523,12/17/2016,0.16,76
USC00519523,12/18/2016,0.27,76
USC00519523,12/19/2016,0.02,71
USC00519523,12/20/2016,0.01,76
USC00519523,12/21/2016,0.06,77
USC00519523,12/22/2016,0.14,73
USC00519523,12/23/2016,0.02,71
USC00519523,12/24/2016,0.06,78
USC00519523,12/25/2016,0,78
USC00519523,12/26/2016,0.06,75
USC00519523,12/27/2016,0,75
USC00519523,12/28/2016,0.06,72
USC00519523,12/29/2016,0.05,77
USC00519523,12/30/2016,0.07,72
USC00519523,1/1/2017,,74
USC00519523,1/3/2017,,73
USC00519523,1/4/2017,0.18,73
USC00519523,1/5/2017,0.42,71
USC00519523,1/6/2017,0.01,74
USC00519523,1/7/2017,0,72
USC00519523,1/8/2017,0,74
USC00519523,1/9/2017,0,77
USC00519523,1/10/2017,0,75
USC00519523,1/12/2017,,81
USC00519523,1/15/2017,,78
USC00519523,1/16/2017,0,80
USC00519523,1/18/2017,,75
USC00519523,1/19/2017,0,78
USC00519523,1/20/2017,0,73
USC00519523,1/21/2017,0.11,74
USC00519523,1/22/2017,0.04,74
USC00519523,1/23/2017,0,74
USC00519523,1/24/2017,0.08,74
USC00519523,1/25/2017,0,72
USC00519523,1/26/2017,0,74
USC00519523,1/27/2017,0,74
USC00519523,1/29/2017,,73
USC00519523,1/30/2017,0,70
USC00519523,1/31/2017,0,70
USC00519523,2/1/2017,0,70
USC00519523,2/2/2017,0,64
USC00519523,2/3/2017,0,62
USC00519523,2/4/2017,0,76
USC00519523,2/5/2017,0,77
USC00519523,2/6/2017,0,76
USC00519523,2/7/2017,1.8,72
USC00519523,2/8/2017,0,74
USC00519523,2/9/2017,0,60
USC00519523,2/10/2017,0,74
USC00519523,2/11/2017,5.04,70
USC00519523,2/12/2017,0.07,73
USC00519523,2/13/2017,0,78
USC00519523,2/15/2017,,76
USC00519523,2/16/2017,0.67,72
USC00519523,2/17/2017,0.06,75
USC00519523,2/18/2017,0.01,67
USC00519523,2/20/2017,,71
USC00519523,2/22/2017,0.13,72
USC00519523,2/23/2017,0,73
USC00519523,2/24/2017,0,70
USC00519523,2/26/2017,,67
USC00519523,2/27/2017,0,77
USC00519523,2/28/2017,0,73
USC00519523,3/1/2017,0.59,73
USC00519523,3/2/2017,1.48,75
USC00519523,3/3/2017,0.25,74
USC00519523,3/4/2017,0,77
USC00519523,3/6/2017,,69
USC00519523,3/9/2017,,70
USC00519523,3/10/2017,0,69
USC00519523,3/11/2017,0,81
USC00519523,3/12/2017,0,74
USC00519523,3/13/2017,0,69
USC00519523,3/14/2017,0,74
USC00519523,3/15/2017,0,71
USC00519523,3/16/2017,0,69
USC00519523,3/17/2017,0.35,70
USC00519523,3/18/2017,0,74
USC00519523,3/19/2017,0,74
USC00519523,3/20/2017,0,75
USC00519523,3/21/2017,0,75
USC00519523,3/22/2017,0,75
USC00519523,3/23/2017,0.02,75
USC00519523,3/24/2017,0.07,76
USC00519523,3/25/2017,0.43,75
USC00519523,3/26/2017,0,80
USC00519523,3/27/2017,0,76
USC00519523,3/28/2017,0,76
USC00519523,3/29/2017,0.08,74
USC00519523,3/30/2017,0,78
USC00519523,3/31/2017,0,75
USC00519523,4/1/2017,0,80
USC00519523,4/2/2017,0,79
USC00519523,4/3/2017,0,76
USC00519523,4/4/2017,0,78
USC00519523,4/5/2017,0,77
USC00519523,4/6/2017,0,76
USC00519523,4/7/2017,0,78
USC00519523,4/9/2017,,74
USC00519523,4/10/2017,0,75
USC00519523,4/11/2017,0,82
USC00519523,4/12/2017,0,80
USC00519523,4/13/2017,0,79
USC00519523,4/14/2017,0.36,75
USC00519523,4/15/2017,0,79
USC00519523,4/16/2017,0,74
USC00519523,4/17/2017,0.3,71
USC00519523,4/18/2017,0.15,76
USC00519523,4/19/2017,0,74
USC00519523,4/20/2017,0.35,76
USC00519523,4/21/2017,2.36,70
USC00519523,4/24/2017,,80
USC00519523,4/25/2017,0,76
USC00519523,4/26/2017,0.01,81
USC00519523,4/27/2017,0,76
USC00519523,4/28/2017,0,76
USC00519523,4/29/2017,6.25,70
USC00519523,4/30/2017,1.31,64
USC00519523,5/1/2017,0.07,73
USC00519523,5/2/2017,0,78
USC00519523,5/3/2017,0,78
USC00519523,5/4/2017,0,77
USC00519523,5/5/2017,0,79
USC00519523,5/6/2017,0,80
USC00519523,5/7/2017,0,78
USC00519523,5/8/2017,0,80
USC00519523,5/9/2017,0.68,75
USC00519523,5/10/2017,0.06,76
USC00519523,5/11/2017,0,78
USC00519523,5/12/2017,0,77
USC00519523,5/13/2017,0,76
USC00519523,5/14/2017,0,78
USC00519523,5/15/2017,0.06,77
USC00519523,5/16/2017,0,76
USC00519523,5/17/2017,0,77
USC00519523,5/18/2017,0.46,71
USC00519523,5/20/2017,,79
USC00519523,5/21/2017,0,80
USC00519523,5/22/2017,0,76
USC00519523,5/23/2017,0,76
USC00519523,5/24/2017,0.61,76
USC00519523,5/25/2017,0.55,75
USC00519523,5/26/2017,0,77
USC00519523,5/27/2017,0,79
USC00519523,5/28/2017,0,82
USC00519523,5/29/2017,0,80
USC00519523,5/30/2017,0.11,78
USC00519523,5/31/2017,0,79
USC00519523,6/1/2017,0,79
USC00519523,6/2/2017,0,81
USC00519523,6/3/2017,0.15,79
USC00519523,6/4/2017,0,81
USC00519523,6/5/2017,0,78
USC00519523,6/6/2017,0,78
USC00519523,6/7/2017,0,78
USC00519523,6/8/2017,0,77
USC00519523,6/9/2017,0,78
USC00519523,6/10/2017,0.13,75
USC00519523,6/11/2017,0.25,81
USC00519523,6/12/2017,0.14,80
USC00519523,6/13/2017,0.03,77
USC00519523,6/14/2017,0.06,80
USC00519523,6/15/2017,0,78
USC00519523,6/16/2017,0,80
USC00519523,6/17/2017,0,77
USC00519523,6/18/2017,0,78
USC00519523,6/19/2017,0.01,78
USC00519523,6/21/2017,,80
USC00519523,6/22/2017,0,80
USC00519523,6/23/2017,0.05,79
USC00519523,6/24/2017,0,82
USC00519523,6/25/2017,0,80
USC00519523,6/26/2017,0,81
USC00519523,6/27/2017,0,81
USC00519523,6/28/2017,0,79
USC00519523,6/29/2017,0,78
USC00519523,6/30/2017,0.07,75
USC00519523,7/2/2017,,80
USC00519523,7/3/2017,0.02,81
USC00519523,7/5/2017,,80
USC00519523,7/6/2017,0,79
USC00519523,7/7/2017,0,79
USC00519523,7/8/2017,0,77
USC00519523,7/9/2017,0,82
USC00519523,7/10/2017,0,82
USC00519523,7/11/2017,0,79
USC00519523,7/12/2017,0,82
USC00519523,7/13/2017,0.11,79
USC00519523,7/14/2017,0,80
USC00519523,7/15/2017,0,82
USC00519523,7/16/2017,0,82
USC00519523,7/17/2017,0,82
USC00519523,7/18/2017,0,83
USC00519523,7/19/2017,0,80
USC00519523,7/20/2017,0.33,80
USC00519523,7/21/2017,0,80
USC00519523,7/22/2017,0,78
USC00519523,7/24/2017,,79
USC00519523,7/25/2017,0.05,80
USC00519523,7/26/2017,0,84
USC00519523,7/27/2017,0,80
USC00519523,7/28/2017,0,81
USC00519523,7/29/2017,0,83
USC00519523,7/30/2017,0,84
USC00519523,7/31/2017,0,82
USC00519523,8/1/2017,0,75
USC00519523,8/2/2017,0,83
USC00519523,8/3/2017,0,80
USC00519523,8/4/2017,0,82
USC00519523,8/6/2017,0,83
USC00519523,8/7/2017,0,83
USC00519523,8/8/2017,0,82
USC00519523,8/10/2017,0,80
USC00519523,8/11/2017,0,81
USC00519523,8/12/2017,0,83
USC00519523,8/13/2017,0,84
USC00519523,8/14/2017,0.08,75
USC00519523,8/15/2017,0.06,79
USC00519523,8/16/2017,0.07,79
USC00519523,8/17/2017,0.05,83
USC00519523,8/19/2017,,85
USC00519523,8/21/2017,,82
USC00519523,8/22/2017,0,82
USC00519523,8/23/2017,0.08,82
USC00519281,8/24/2016,2.15,77
USC00519281,8/25/2016,0.06,80
USC00519281,8/26/2016,0.01,80
USC00519281,8/27/2016,0.12,75
USC00519281,8/28/2016,0.6,73
USC00519281,8/29/2016,0.35,78
USC00519281,8/30/2016,0,77
USC00519281,8/31/2016,0.24,78
USC00519281,9/1/2016,0.02,80
USC00519281,9/2/2016,0.01,80
USC00519281,9/3/2016,0.12,78
USC00519281,9/4/2016,0.14,78
USC00519281,9/5/2016,0.03,78
USC00519281,9/6/2016,0.11,73
USC00519281,9/7/2016,0.16,74
USC00519281,9/8/2016,0.07,80
USC00519281,9/9/2016,0.16,79
USC00519281,9/10/2016,0.09,77
USC00519281,9/11/2016,0.3,80
USC00519281,9/12/2016,0.31,76
USC00519281,9/13/2016,0.34,79
USC00519281,9/14/2016,2.33,75
USC00519281,9/15/2016,0.83,79
USC00519281,9/16/2016,0.06,78
USC00519281,9/17/2016,0.36,79
USC00519281,9/18/2016,0.07,78
USC00519281,9/19/2016,0.01,78
USC00519281,9/20/2016,0.22,76
USC00519281,9/21/2016,0.07,74
USC00519281,9/22/2016,0.34,77
USC00519281,9/23/2016,0.94,78
USC00519281,9/24/2016,0.01,79
USC00519281,9/25/2016,0.03,79
USC00519281,9/26/2016,0.17,77
USC00519281,9/27/2016,0.17,80
USC00519281,9/28/2016,0,78
USC00519281,9/29/2016,0.59,78
USC00519281,9/30/2016,0.25,78
USC00519281,10/1/2016,0.14,77
USC00519281,10/2/2016,0.06,79
USC00519281,10/3/2016,0.16,79
USC00519281,10/4/2016,0.03,79
USC00519281,10/5/2016,0.01,79
USC00519281,10/6/2016,0,75
USC00519281,10/7/2016,0,76
USC00519281,10/8/2016,0,73
USC00519281,10/9/2016,0,72
USC00519281,10/10/2016,0,71
USC00519281,10/11/2016,0.28,77
USC00519281,10/12/2016,0.03,79
USC00519281,10/13/2016,0,78
USC00519281,10/14/2016,0,79
USC00519281,10/15/2016,0.04,77
USC00519281,10/16/2016,0,79
USC00519281,10/17/2016,0.01,77
USC00519281,10/18/2016,0.02,78
USC00519281,10/19/2016,0.11,78
USC00519281,10/20/2016,0,78
USC00519281,10/21/2016,0,78
USC00519281,10/22/2016,0.15,77
USC00519281,10/23/2016,0.02,74
USC00519281,10/24/2016,0.08,75
USC00519281,10/25/2016,0.11,76
USC00519281,10/26/2016,0.01,73
USC00519281,10/27/2016,0.22,76
USC00519281,10/28/2016,0.05,74
USC00519281,10/29/2016,0.1,77
USC00519281,10/30/2016,0.16,76
USC00519281,10/31/2016,0.07,76
USC00519281,11/1/2016,0.1,74
USC00519281,11/2/2016,0,75
USC00519281,11/3/2016,0,75
USC00519281,11/4/2016,0,75
USC00519281,11/5/2016,0.03,75
USC00519281,11/6/2016,0.01,71
USC00519281,11/7/2016,0,63
USC00519281,11/8/2016,0.21,70
USC00519281,11/9/2016,0.11,68
USC00519281,11/10/2016,0,67
USC00519281,11/11/2016,0,77
USC00519281,11/12/2016,0,74
USC00519281,11/13/2016,0,77
USC00519281,11/14/2016,0,76
USC00519281,11/15/2016,0,76
USC00519281,11/16/2016,0.24,75
USC00519281,11/17/2016,0.01,76
USC00519281,11/18/2016,0,75
USC00519281,11/19/2016,0.11,73
USC00519281,11/20/2016,0.39,75
USC00519281,11/21/2016,0.11,73
USC00519281,11/22/2016,2.05,75
USC00519281,11/23/2016,0.25,74
USC00519281,11/24/2016,0.3,75
USC00519281,11/25/2016,0.08,74
USC00519281,11/26/2016,0.06,75
USC00519281,11/27/2016,0.17,73
USC00519281,11/28/2016,0,75
USC00519281,11/29/2016,0.09,73
USC00519281,11/30/2016,0.05,73
USC00519281,12/1/2016,0.37,74
USC00519281,12/2/2016,0.35,70
USC00519281,12/3/2016,0.77,72
USC00519281,12/4/2016,0.04,70
USC00519281,12/5/2016,0.22,67
USC00519281,12/6/2016,0,67
USC00519281,12/7/2016,0.12,69
USC00519281,12/8/2016,0.07,70
USC00519281,12/9/2016,0.31,68
USC00519281,12/10/2016,0.02,69
USC00519281,12/11/2016,0,69
USC00519281,12/12/2016,0,66
USC00519281,12/13/2016,0.04,65
USC00519281,12/14/2016,0.92,68
USC00519281,12/15/2016,0.14,62
USC00519281,12/16/2016,0.03,75
USC00519281,12/17/2016,0.07,70
USC00519281,12/18/2016,0.16,69
USC00519281,12/19/2016,0.03,76
USC00519281,12/20/2016,0,76
USC00519281,12/21/2016,0.11,74
USC00519281,12/22/2016,0.86,73
USC00519281,12/23/2016,0.24,71
USC00519281,12/24/2016,0.2,74
USC00519281,12/25/2016,0.02,74
USC00519281,12/26/2016,0.22,72
USC00519281,12/27/2016,0.05,71
USC00519281,12/28/2016,0.09,72
USC00519281,12/29/2016,0.52,74
USC00519281,12/30/2016,0.29,69
USC00519281,12/31/2016,0.25,67
USC00519281,1/1/2017,0.03,72
USC00519281,1/2/2017,0.01,70
USC00519281,1/3/2017,0,64
USC00519281,1/4/2017,0,63
USC00519281,1/5/2017,0.06,63
USC00519281,1/6/2017,0.1,62
USC00519281,1/7/2017,0,70
USC00519281,1/8/2017,0,70
USC00519281,1/9/2017,0,62
USC00519281,1/10/2017,0,62
USC00519281,1/11/2017,0,63
USC00519281,1/12/2017,0,65
USC00519281,1/13/2017,0,69
USC00519281,1/14/2017,0.01,77
USC00519281,1/15/2017,0,70
USC00519281,1/16/2017,0,74
USC00519281,1/17/2017,0,69
USC00519281,1/18/2017,0,72
USC00519281,1/19/2017,0.02,71
USC00519281,1/20/2017,0,69
USC00519281,1/21/2017,0.03,71
USC00519281,1/22/2017,0.09,71
USC00519281,1/23/2017,0.01,72
USC00519281,1/24/2017,0.13,72
USC00519281,1/25/2017,0.79,69
USC00519281,1/26/2017,0,70
USC00519281,1/27/2017,0.03,66
USC00519281,1/28/2017,0,65
USC00519281,1/29/2017,0.26,69
USC00519281,1/30/2017,0,68
USC00519281,1/31/2017,0,68
USC00519281,2/1/2017,0,68
USC00519281,2/2/2017,0,59
USC00519281,2/3/2017,0,60
USC00519281,2/4/2017,0,70
USC00519281,2/5/2017,0,73
USC00519281,2/6/2017,0.18,75
USC00519281,2/7/2017,1.32,64
USC00519281,2/8/2017,0,59
USC00519281,2/9/2017,0,59
USC00519281,2/10/2017,0,62
USC00519281,2/11/2017,1.73,68
USC00519281,2/12/2017,2.98,70
USC00519281,2/13/2017,0.01,73
USC00519281,2/14/2017,0,79
USC00519281,2/15/2017,0.01,75
USC00519281,2/16/2017,0.73,65
USC00519281,2/17/2017,0.13,70
USC00519281,2/18/2017,0,74
USC00519281,2/19/2017,0.09,70
USC00519281,2/20/2017,0,70
USC00519281,2/21/2017,0,71
USC00519281,2/22/2017,0.06,71
USC00519281,2/23/2017,0,71
USC00519281,2/24/2017,0,69
USC00519281,2/25/2017,0,61
USC00519281,2/26/2017,0,67
USC00519281,2/27/2017,0,65
USC00519281,2/28/2017,0.04,72
USC00519281,3/1/2017,2.12,71
USC00519281,3/2/2017,1.88,73
USC00519281,3/3/2017,0.27,72
USC00519281,3/4/2017,0,77
USC00519281,3/5/2017,0.41,73
USC00519281,3/6/2017,0.03,67
USC00519281,3/7/2017,0,62
USC00519281,3/8/2017,0,64
USC00519281,3/9/2017,0.65,67
USC00519281,3/10/2017,0.03,66
USC00519281,3/11/2017,0.01,81
USC00519281,3/12/2017,0,69
USC00519281,3/13/2017,0,66
USC00519281,3/14/2017,0,67
USC00519281,3/15/2017,0.06,69
USC00519281,3/16/2017,0,66
USC00519281,3/17/2017,0.12,68
USC00519281,3/18/2017,0,65
USC00519281,3/19/2017,0,74
USC00519281,3/20/2017,0.02,69
USC00519281,3/21/2017,0.09,72
USC00519281,3/22/2017,0,73
USC00519281,3/23/2017,0,72
USC00519281,3/24/2017,0.12,71
USC00519281,3/25/2017,0.93,76
USC00519281,3/26/2017,0,77
USC00519281,3/27/2017,0.01,76
USC00519281,3/28/2017,0,74
USC00519281,3/29/2017,0.01,68
USC00519281,3/30/2017,0.04,73
USC00519281,3/31/2017,0.01,71
USC00519281,4/1/2017,0.21,74
USC00519281,4/2/2017,0,75
USC00519281,4/3/2017,0.26,70
USC00519281,4/4/2017,0.09,67
USC00519281,4/5/2017,0.1,71
USC00519281,4/6/2017,0.06,67
USC00519281,4/7/2017,0,74
USC00519281,4/8/2017,0,77
USC00519281,4/9/2017,0,78
USC00519281,4/10/2017,0.01,67
USC00519281,4/11/2017,0.03,70
USC00519281,4/12/2017,0.11,69
USC00519281,4/13/2017,0.59,69
USC00519281,4/14/2017,2.3,74
USC00519281,4/15/2017,0.38,78
USC00519281,4/16/2017,0.47,71
USC00519281,4/17/2017,1.04,67
USC00519281,4/18/2017,2.03,68
USC00519281,4/19/2017,0.02,67
USC00519281,4/20/2017,0.05,76
USC00519281,4/21/2017,1.74,69
USC00519281,4/22/2017,1.58,72
USC00519281,4/23/2017,0.06,76
USC00519281,4/24/2017,0.01,68
USC00519281,4/25/2017,0,72
USC00519281,4/26/2017,0.02,74
USC00519281,4/27/2017,0.19,70
USC00519281,4/28/2017,0.76,67
USC00519281,4/29/2017,0.37,72
USC00519281,4/30/2017,1.04,60
USC00519281,5/1/2017,0.13,65
USC00519281,5/2/2017,0.01,75
USC00519281,5/3/2017,0.01,70
USC00519281,5/4/2017,0,75
USC00519281,5/5/2017,0,70
USC00519281,5/6/2017,0,79
USC00519281,5/7/2017,0.02,75
USC00519281,5/8/2017,0.73,70
USC00519281,5/9/2017,1.58,67
USC00519281,5/10/2017,0.2,74
USC00519281,5/11/2017,0.12,70
USC00519281,5/12/2017,0.02,75
USC00519281,5/13/2017,0.12,76
USC00519281,5/14/2017,0.17,77
USC00519281,5/15/2017,0.09,74
USC00519281,5/16/2017,0.03,74
USC00519281,5/17/2017,0.07,74
USC00519281,5/18/2017,0.13,69
USC00519281,5/19/2017,0.01,68
USC00519281,5/20/2017,0.02,76
USC00519281,5/21/2017,0.01,74
USC00519281,5/22/2017,0.06,71
USC00519281,5/23/2017,0.06,71
USC00519281,5/24/2017,0.3,74
USC00519281,5/25/2017,0.2,74
USC00519281,5/26/2017,0,74
USC00519281,5/27/2017,0,74
USC00519281,5/28/2017,0.08,80
USC00519281,5/29/2017,0.4,74
USC00519281,5/30/2017,1.12,72
USC00519281,5/31/2017,0.25,75
USC00519281,6/1/2017,0,80
USC00519281,6/2/2017,0.09,76
USC00519281,6/3/2017,0.08,76
USC00519281,6/4/2017,0.13,77
USC00519281,6/5/2017,0.05,75
USC00519281,6/6/2017,0,75
USC00519281,6/7/2017,0,75
USC00519281,6/8/2017,0,75
USC00519281,6/9/2017,0.02,72
USC00519281,6/10/2017,0.62,74
USC00519281,6/11/2017,0.74,74
USC00519281,6/12/2017,0.24,74
USC00519281,6/13/2017,0.24,76
USC00519281,6/14/2017,0.22,74
USC00519281,6/15/2017,0.55,75
USC00519281,6/16/2017,0.06,73
USC00519281,6/17/2017,0.07,79
USC00519281,6/18/2017,0.24,75
USC00519281,6/19/2017,0.08,72
USC00519281,6/20/2017,0,72
USC00519281,6/21/2017,0.19,74
USC00519281,6/22/2017,0.06,72
USC00519281,6/23/2017,0.12,72
USC00519281,6/24/2017,0.36,77
USC00519281,6/25/2017,0.02,71
USC00519281,6/26/2017,0.06,73
USC00519281,6/27/2017,0.01,76
USC00519281,6/28/2017,0,77
USC00519281,6/29/2017,0,76
USC00519281,6/30/2017,0.01,76
USC00519281,7/1/2017,0.08,79
USC00519281,7/2/2017,0.15,81
USC00519281,7/3/2017,0.15,76
USC00519281,7/4/2017,0.08,78
USC00519281,7/5/2017,0,77
USC00519281,7/6/2017,0,74
USC00519281,7/7/2017,0.18,75
USC00519281,7/8/2017,0,78
USC00519281,7/9/2017,0.11,78
USC00519281,7/10/2017,0.02,69
USC00519281,7/11/2017,0.02,72
USC00519281,7/12/2017,0.28,74
USC00519281,7/13/2017,0.32,74
USC00519281,7/14/2017,0.2,76
USC00519281,7/15/2017,0.05,80
USC00519281,7/16/2017,0.1,80
USC00519281,7/17/2017,0.21,76
USC00519281,7/18/2017,0.05,76
USC00519281,7/19/2017,0.05,76
USC00519281,7/20/2017,0.06,77
USC00519281,7/21/2017,0.03,77
USC00519281,7/22/2017,0.2,77
USC00519281,7/23/2017,0.2,82
USC00519281,7/24/2017,0.61,75
USC00519281,7/25/2017,0.11,77
USC00519281,7/26/2017,0.12,75
USC00519281,7/27/2017,0.01,76
USC00519281,7/28/2017,0.09,81
USC00519281,7/29/2017,0.23,82
USC00519281,7/30/2017,0,81
USC00519281,7/31/2017,0,76
USC00519281,8/4/2017,0,77
USC00519281,8/5/2017,0.06,82
USC00519281,8/6/2017,0,83
USC00519281,8/13/2017,0,77
USC00519281,8/14/2017,0,77
USC00519281,8/15/2017,0.32,77
USC00519281,8/16/2017,0.12,76
USC00519281,8/17/2017,0.01,76
USC00519281,8/18/2017,0.06,79
USC00516128,8/24/2016,1.45,74
USC00516128,8/25/2016,0.11,77
USC00516128,8/27/2016,,74
USC00516128,8/28/2016,2.07,71
USC00516128,8/29/2016,0.9,78
USC00516128,8/30/2016,0.05,75
USC00516128,8/31/2016,2.46,76
USC00516128,9/1/2016,0.01,77
USC00516128,9/2/2016,0.03,75
USC00516128,9/3/2016,1,75
USC00516128,9/4/2016,0.44,73
USC00516128,9/5/2016,0.18,76
USC00516128,9/6/2016,1,73
USC00516128,9/7/2016,1.35,74
USC00516128,9/8/2016,0.15,74
USC00516128,9/9/2016,0.35,75
USC00516128,9/10/2016,1.16,75
USC00516128,9/11/2016,0.6,71
USC00516128,9/12/2016,1.04,72
USC00516128,9/13/2016,1.2,75
USC00516128,9/14/2016,6.7,73
USC00516128,9/15/2016,3.35,73
USC00516128,9/16/2016,0.61,73
USC00516128,9/17/2016,0.23,76
USC00516128,9/18/2016,0.42,75
USC00516128,9/19/2016,0.25,70
USC00516128,9/20/2016,0.43,70
USC00516128,9/21/2016,1.02,73
USC00516128,9/22/2016,0.75,73
USC00516128,9/23/2016,0.33,73
USC00516128,9/24/2016,0.27,77
USC00516128,9/25/2016,0.04,76
USC00516128,9/26/2016,1.02,74
USC00516128,9/27/2016,1,74
USC00516128,9/28/2016,0.05,77
USC00516128,9/29/2016,1.49,77
USC00516128,9/30/2016,0.38,73
USC00516128,10/1/2016,1.02,74
USC00516128,10/2/2016,0.61,73
USC00516128,10/3/2016,0.46,76
USC00516128,10/4/2016,3.46,74
USC00516128,10/5/2016,0.81,75
USC00516128,10/6/2016,0.04,75
USC00516128,10/7/2016,0.01,73
USC00516128,10/8/2016,0.04,74
USC00516128,10/9/2016,0,77
USC00516128,10/10/2016,0,74
USC00516128,10/11/2016,0.35,74
USC00516128,10/12/2016,0.02,78
USC00516128,10/13/2016,0.06,75
USC00516128,10/14/2016,0,73
USC00516128,10/15/2016,0.33,74
USC00516128,10/16/2016,0,77
USC00516128,10/17/2016,0.38,70
USC00516128,10/18/2016,0.48,74
USC00516128,10/19/2016,0,70
USC00516128,10/20/2016,1,73
USC00516128,10/21/2016,0.09,74
USC00516128,10/22/2016,1.37,75
USC00516128,10/23/2016,0.24,72
USC00516128,10/24/2016,0.7,71
USC00516128,10/25/2016,0.4,74
USC00516128,10/26/2016,0,75
USC00516128,10/27/2016,1.25,71
USC00516128,10/28/2016,0.37,68
USC00516128,10/29/2016,0.25,71
USC00516128,10/30/2016,0.95,76
USC00516128,10/31/2016,1.35,69
USC00516128,11/1/2016,0.09,73
USC00516128,11/2/2016,0.04,76
USC00516128,11/3/2016,0.02,74
USC00516128,11/4/2016,0.06,74
USC00516128,11/5/2016,0.38,69
USC00516128,11/6/2016,0.05,77
USC00516128,11/7/2016,0.05,71
USC00516128,11/8/2016,0.53,71
USC00516128,11/9/2016,0.04,71
USC00516128,11/10/2016,0.01,71
USC00516128,11/11/2016,0,67
USC00516128,11/12/2016,0,73
USC00516128,11/13/2016,0,72
USC00516128,11/14/2016,0.02,74
USC00516128,11/15/2016,0.05,72
USC00516128,11/16/2016,0.91,72
USC00516128,11/17/2016,0.02,75
USC00516128,11/20/2016,,74
USC00516128,11/21/2016,2.87,71
USC00516128,11/22/2016,2.11,73
USC00516128,11/23/2016,0.22,69
USC00516128,11/24/2016,0.72,69
USC00516128,11/25/2016,1.03,69
USC00516128,11/26/2016,0.3,70
USC00516128,11/27/2016,0.29,69
USC00516128,11/28/2016,0.69,71
USC00516128,11/29/2016,0.2,67
USC00516128,11/30/2016,0.79,72
USC00516128,12/1/2016,0.72,71
USC00516128,12/2/2016,1.27,71
USC00516128,12/3/2016,1.62,67
USC00516128,12/4/2016,0.31,76
USC00516128,12/5/2016,1.6,67
USC00516128,12/6/2016,0,67
USC00516128,12/7/2016,0.02,68
USC00516128,12/8/2016,0.03,71
USC00516128,12/9/2016,0.42,68
USC00516128,12/10/2016,0.04,68
USC00516128,12/11/2016,0.13,69
USC00516128,12/12/2016,0.01,65
USC00516128,12/13/2016,0.09,70
USC00516128,12/14/2016,0.33,69
USC00516128,12/15/2016,0.03,64
USC00516128,12/16/2016,0,60
USC00516128,12/18/2016,,67
USC00516128,12/19/2016,0.15,72
USC00516128,12/20/2016,0,73
USC00516128,12/21/2016,0.55,70
USC00516128,12/22/2016,1.24,68
USC00516128,12/23/2016,0.83,69
USC00516128,12/24/2016,1.08,69
USC00516128,12/25/2016,0.38,69
USC00516128,12/26/2016,1.48,71
USC00516128,12/27/2016,0.14,71
USC00516128,12/28/2016,0.14,71
USC00516128,12/29/2016,1.03,69
USC00516128,12/30/2016,2.37,65
USC00516128,12/31/2016,0.9,65
USC00516128,1/1/2017,0.03,68
USC00516128,1/2/2017,0,70
USC00516128,1/3/2017,0,71
USC00516128,1/4/2017,0,70
USC00516128,1/5/2017,0.47,71
USC00516128,1/6/2017,0.1,65
USC00516128,1/7/2017,0,70
USC00516128,1/8/2017,0.03,66
USC00516128,1/9/2017,0,69
USC00516128,1/10/2017,0,64
USC00516128,1/11/2017,0,66
USC00516128,1/12/2017,0,68
USC00516128,1/13/2017,0,67
USC00516128,1/14/2017,0,70
USC00516128,1/15/2017,0.01,68
USC00516128,1/16/2017,0,68
USC00516128,1/17/2017,0,69
USC00516128,1/18/2017,0.07,73
USC00516128,1/19/2017,0,71
USC00516128,1/20/2017,0,67
USC00516128,1/21/2017,0.08,67
USC00516128,1/22/2017,0.72,68
USC00516128,1/23/2017,0.85,70
USC00516128,1/24/2017,1.85,67
USC00516128,1/25/2017,2.64,69
USC00516128,1/26/2017,0.1,67
USC00516128,1/27/2017,0.03,69
USC00516128,1/28/2017,0,64
USC00516128,1/29/2017,0.55,67
USC00516128,1/30/2017,0,66
USC00516128,1/31/2017,0,65
USC00516128,2/1/2017,0,65
USC00516128,2/2/2017,0,60
USC00516128,2/4/2017,,66
USC00516128,2/5/2017,0,69
USC00516128,2/6/2017,0,73
USC00516128,2/7/2017,1.79,68
USC00516128,2/8/2017,0,68
USC00516128,2/9/2017,0,64
USC00516128,2/10/2017,0,70
USC00516128,2/11/2017,0.73,66
USC00516128,2/12/2017,1.83,65
USC00516128,2/13/2017,0,68
USC00516128,2/14/2017,0.01,79
USC00516128,2/15/2017,0.07,71
USC00516128,2/16/2017,0.13,72
USC00516128,2/18/2017,,72
USC00516128,2/19/2017,0.1,68
USC00516128,2/20/2017,0,69
USC00516128,2/21/2017,0.07,65
USC00516128,2/22/2017,0.32,69
USC00516128,2/23/2017,0,72
USC00516128,2/24/2017,0,68
USC00516128,2/25/2017,0.12,66
USC00516128,2/26/2017,0,64
USC00516128,2/27/2017,0,69
USC00516128,2/28/2017,0.58,69
USC00516128,3/1/2017,2,64
USC00516128,3/2/2017,0.58,72
USC00516128,3/3/2017,0.56,78
USC00516128,3/4/2017,0,70
USC00516128,3/5/2017,0.35,68
USC00516128,3/6/2017,0,76
USC00516128,3/7/2017,0,72
USC00516128,3/8/2017,0,68
USC00516128,3/9/2017,0.01,72
USC00516128,3/10/2017,0,65
USC00516128,3/11/2017,0,82
USC00516128,3/13/2017,,69
USC00516128,3/14/2017,0,75
USC00516128,3/15/2017,0,76
USC00516128,3/16/2017,0,77
USC00516128,3/18/2017,,70
USC00516128,3/19/2017,0,74
USC00516128,3/20/2017,0,74
USC00516128,3/21/2017,0,72
USC00516128,3/22/2017,0,72
USC00516128,3/23/2017,0.03,70
USC00516128,3/24/2017,0.17,70
USC00516128,3/25/2017,0.48,72
USC00516128,3/26/2017,0,72
USC00516128,3/27/2017,0,74
USC00516128,3/28/2017,0.68,69
USC00516128,3/29/2017,0.07,69
USC00516128,3/31/2017,,76
USC00516128,4/1/2017,0.2,69
USC00516128,4/2/2017,0,71
USC00516128,4/3/2017,0.23,73
USC00516128,4/4/2017,0.02,75
USC00516128,4/5/2017,0.45,69
USC00516128,4/6/2017,0,72
USC00516128,4/8/2017,,76
USC00516128,4/9/2017,0,70
USC00516128,4/10/2017,0,72
USC00516128,4/11/2017,0.25,71
USC00516128,4/12/2017,0.65,70
USC00516128,4/13/2017,0.23,73
USC00516128,4/14/2017,2.82,72
USC00516128,4/15/2017,0.9,70
USC00516128,4/16/2017,0.11,71
USC00516128,4/17/2017,1.3,69
USC00516128,4/18/2017,0.98,71
USC00516128,4/19/2017,0.14,71
USC00516128,4/20/2017,0,69
USC00516128,4/21/2017,1.84,70
USC00516128,4/22/2017,1.35,73
USC00516128,4/23/2017,0.35,70
USC00516128,4/24/2017,0.05,75
USC00516128,4/25/2017,0,74
USC00516128,4/26/2017,0.22,77
USC00516128,4/27/2017,0.11,76
USC00516128,4/28/2017,0.79,71
USC00516128,4/29/2017,0,68
USC00516128,4/30/2017,0.8,58
USC00516128,5/1/2017,0.25,73
USC00516128,5/2/2017,0,79
USC00516128,5/4/2017,,74
USC00516128,5/5/2017,0.1,74
USC00516128,5/6/2017,0,74
USC00516128,5/7/2017,0.03,70
USC00516128,5/8/2017,1.11,66
USC00516128,5/9/2017,0.23,72
USC00516128,5/10/2017,0.55,72
USC00516128,5/11/2017,0.44,78
USC00516128,5/12/2017,0.1,70
USC00516128,5/13/2017,0.1,71
USC00516128,5/14/2017,1,70
USC00516128,5/15/2017,0.6,72
USC00516128,5/16/2017,0.3,71
USC00516128,5/17/2017,0.06,71
USC00516128,5/18/2017,0,69
USC00516128,5/20/2017,,70
USC00516128,5/21/2017,0,69
USC00516128,5/22/2017,0.3,72
USC00516128,5/23/2017,0.44,69
USC00516128,5/24/2017,2.17,70
USC00516128,5/25/2017,0.88,75
USC00516128,5/26/2017,0,72
USC00516128,5/27/2017,0.5,72
USC00516128,5/28/2017,0,73
USC00516128,5/30/2017,,72
USC00516128,6/1/2017,0.01,74
USC00516128,6/3/2017,,74
USC00516128,6/4/2017,0.82,77
USC00516128,6/5/2017,0.01,74
USC00516128,6/6/2017,0,74
USC00516128,6/7/2017,0.01,79
USC00516128,6/8/2017,0,75
USC00516128,6/10/2017,,72
USC00516128,6/11/2017,0.7,76
USC00516128,6/12/2017,0.81,74
USC00516128,6/13/2017,0.65,73
USC00516128,6/14/2017,0.81,74
USC00516128,6/15/2017,1.69,77
USC00516128,6/16/2017,0.1,74
USC00516128,6/17/2017,0.1,72
USC00516128,6/18/2017,0.7,77
USC00516128,6/19/2017,0.4,76
USC00516128,6/20/2017,0.31,74
USC00516128,6/21/2017,0.3,75
USC00516128,6/22/2017,0.28,76
USC00516128,6/23/2017,0.5,71
USC00516128,6/24/2017,0.22,73
USC00516128,6/25/2017,0.5,79
USC00516128,6/26/2017,0.02,79
USC00516128,6/27/2017,0.1,74
USC00516128,6/28/2017,0.02,74
USC00516128,6/29/2017,0.04,76
USC00516128,6/30/2017,0.2,75
USC00516128,7/1/2017,0.1,74
USC00516128,7/2/2017,0.5,78
USC00516128,7/3/2017,0.4,77
USC00516128,7/4/2017,0,77
USC00516128,7/5/2017,0,75
USC00516128,7/6/2017,0.02,74
USC00516128,7/7/2017,0.3,74
USC00516128,7/8/2017,0.02,71
USC00516128,7/9/2017,0,78
USC00516128,7/10/2017,0.02,77
USC00516128,7/11/2017,0,74
USC00516128,7/12/2017,0.05,72
USC00516128,7/13/2017,0.68,77
USC00516128,7/14/2017,0.68,76
USC00516128,7/15/2017,0.1,78
USC00516128,7/16/2017,0.5,75
USC00516128,7/17/2017,0.39,72
USC00516128,7/18/2017,2.4,77
USC00516128,7/19/2017,0.27,74
USC00516128,7/20/2017,0.7,75
USC00516128,7/21/2017,0.1,72
USC00516128,7/22/2017,4,72
USC00516128,7/23/2017,0.8,78
USC00516128,7/24/2017,0.84,77
USC00516128,7/25/2017,0.3,79
USC00516128,7/26/2017,0.3,73
USC00516128,7/27/2017,0,75
USC00516128,7/28/2017,0.4,73
USC00516128,7/29/2017,0.3,77
USC00516128,7/30/2017,0.3,79
USC00516128,7/31/2017,0,74
USC00516128,8/1/2017,,72
USC00516128,8/2/2017,0.25,80
USC00516128,8/3/2017,0.06,76
USC00516128,8/5/2017,,77
USC00516128,8/6/2017,,79
USC00516128,8/7/2017,0.05,78
USC00516128,8/8/2017,0.34,74
USC00516128,8/9/2017,0.15,71
USC00516128,8/10/2017,0.07,75
USC00516128,8/11/2017,,72
USC00516128,8/12/2017,0.14,74
USC00516128,8/13/2017,,80
USC00516128,8/14/2017,0.22,79
USC00516128,8/15/2017,0.42,70
USC00516128,8/16/2017,0.42,71
USC00516128,8/17/2017,0.13,72
USC00516128,8/18/2017,,76
USC00516128,8/19/2017,0.09,71
USC00516128,8/20/2017,,78
USC00516128,8/21/2017,0.56,76
USC00516128,8/22/2017,0.5,76
USC00516128,8/23/2017,0.45,76
